{"cameraMode":{"drawMode":0,"name":"Shaded","section":"Shading Mode"},"sceneLighting":true,"audioPlay":false,"sceneViewState":{"showFog":true,"showMaterialUpdate":false,"showSkybox":true,"showFlares":true,"showImageEffects":true,"showParticleSystems":true},"in2DMode":false,"pivot":{"x":-4.764827728271484,"y":12.466058731079102,"z":-7.014674663543701},"rotation":{"x":-0.4263116717338562,"y":0.0018880831776186824,"z":-0.0009065729100257158,"w":-0.9046059846878052},"size":0.6339744329452515,"orthographic":false}