{"cameraMode":{"drawMode":0,"name":"Shaded","section":"Shading Mode"},"sceneLighting":true,"audioPlay":false,"sceneViewState":{"showFog":true,"showMaterialUpdate":false,"showSkybox":true,"showFlares":true,"showImageEffects":true,"showParticleSystems":true},"in2DMode":false,"pivot":{"x":-1.7295517921447755,"y":3.9620277881622316,"z":-3.5887184143066408},"rotation":{"x":0.23234960436820985,"y":0.22039951384067536,"z":-0.05419012904167175,"w":0.9458318948745728},"size":3.1074137687683107,"orthographic":false}