{"cameraMode":{"drawMode":0,"name":"Shaded","section":"Shading Mode"},"sceneLighting":false,"audioPlay":false,"sceneViewState":{"showFog":true,"showMaterialUpdate":false,"showSkybox":false,"showFlares":true,"showImageEffects":true,"showParticleSystems":true},"in2DMode":false,"pivot":{"x":-0.003984183073043823,"y":0.23171105980873109,"z":-0.0059119462966918949},"rotation":{"x":-0.393399715423584,"y":0.5638225078582764,"z":-0.3479393422603607,"w":-0.6375088691711426},"size":0.4902578592300415,"orthographic":false}