{"cameraMode":{"drawMode":0,"name":"Shaded","section":"Shading Mode"},"sceneLighting":false,"audioPlay":false,"sceneViewState":{"showFog":true,"showMaterialUpdate":false,"showSkybox":false,"showFlares":true,"showImageEffects":true,"showParticleSystems":true},"in2DMode":false,"pivot":{"x":3.490000009536743,"y":1.0499999523162842,"z":-0.04215684533119202},"rotation":{"x":-0.25036537647247317,"y":0.2650609612464905,"z":-0.0714900866150856,"w":-0.928446352481842},"size":1.6560075283050538,"orthographic":false}