{"cameraMode":{"drawMode":0,"name":"Shaded","section":"Shading Mode"},"sceneLighting":false,"audioPlay":false,"sceneViewState":{"showFog":true,"showMaterialUpdate":false,"showSkybox":false,"showFlares":true,"showImageEffects":true,"showParticleSystems":true},"in2DMode":false,"pivot":{"x":-0.8472375869750977,"y":3.5058579444885256,"z":-0.7326843738555908},"rotation":{"x":0.23981833457946778,"y":-0.38743510842323305,"z":0.10507190227508545,"w":0.8840085864067078},"size":3.1139190196990969,"orthographic":false}