{"cameraMode":{"drawMode":0,"name":"Shaded","section":"Shading Mode"},"sceneLighting":true,"audioPlay":false,"sceneViewState":{"showFog":true,"showMaterialUpdate":false,"showSkybox":true,"showFlares":true,"showImageEffects":true,"showParticleSystems":true},"in2DMode":false,"pivot":{"x":-1.2810813188552857,"y":2.368898630142212,"z":1.319527506828308},"rotation":{"x":0.17369551956653596,"y":0.6698228120803833,"z":-0.16568218171596528,"w":0.7027297616004944},"size":2.507413864135742,"orthographic":false}