{"cameraMode":{"drawMode":0,"name":"Shaded","section":"Shading Mode"},"sceneLighting":false,"audioPlay":false,"sceneViewState":{"showFog":true,"showMaterialUpdate":false,"showSkybox":false,"showFlares":true,"showImageEffects":true,"showParticleSystems":true},"in2DMode":false,"pivot":{"x":3.486283779144287,"y":1.1204545497894288,"z":1.6775271892547608},"rotation":{"x":0.0694170743227005,"y":0.5272859334945679,"z":-0.04329134523868561,"w":0.8458186984062195},"size":4.882451057434082,"orthographic":false}